{
    "936095_2gpt4": 0.8260869565217391,
    "936095_2claude": 1.0,
    "936095_2llama": 0.9411764705882353,
    "112332_2gpt4": 0.9,
    "112332_2claude": 1.0,
    "112332_2llama": 1.0,
    "112332_3gpt4": 0.9090909090909091,
    "112332_3claude": 0.9523809523809523,
    "112332_3llama": 0.96,
    "936095_3gpt4": 1.0,
    "936095_3claude": 1.0,
    "936095_3llama": 1.0,
    "936095_1gpt4": 1.0,
    "936095_1claude": 1.0,
    "936095_1llama": 1.0,
    "112332_1gpt4": 1.0,
    "112332_1claude": 1.0,
    "112332_1llama": 1.0,
    "112332_0gpt4": 1.0,
    "112332_0claude": 1.0,
    "112332_0llama": 1.0,
    "936095_0gpt4": 1.0,
    "936095_0claude": 1.0,
    "936095_0llama": 0.9444444444444444,
    "936095_4gpt4": 0.9473684210526316,
    "936095_4claude": 1.0,
    "936095_4llama": 0.8,
    "112332_4gpt4": 1.0,
    "112332_4claude": 0.8823529411764706,
    "112332_4llama": 1.0,
    "908932_0gpt4": 1.0,
    "908932_0claude": 0.9411764705882353,
    "908932_0llama": 0.8888888888888888,
    "603720_4gpt4": 0.9166666666666666,
    "603720_4claude": 1.0,
    "603720_4llama": 0.9473684210526316,
    "371999_0gpt4": 1.0,
    "371999_0claude": 1.0,
    "371999_0llama": 1.0,
    "603720_1gpt4": 0.8947368421052632,
    "603720_1claude": 1.0,
    "603720_1llama": 1.0,
    "603720_0gpt4": 1.0,
    "603720_0claude": 0.9333333333333333,
    "603720_0llama": 0.7894736842105263,
    "432187_0gpt4": 0.9,
    "432187_0claude": 0.6428571428571428,
    "432187_0llama": 1.0,
    "603720_2gpt4": 0.8947368421052632,
    "603720_2claude": 0.9411764705882353,
    "603720_2llama": 0.75,
    "603720_3gpt4": 1.0,
    "603720_3claude": 0.9583333333333334,
    "603720_3llama": 0.8636363636363636,
    "571789_0gpt4": 0.9615384615384616,
    "571789_0claude": 0.8888888888888888,
    "571789_0llama": 1.0,
    "953507_4gpt4": 1.0,
    "953507_4claude": 0.85,
    "953507_4llama": 0.8928571428571429,
    "396999_0gpt4": 1.0,
    "396999_0claude": 1.0,
    "396999_0llama": 1.0,
    "953507_3gpt4": 0.9,
    "953507_3claude": 0.7619047619047619,
    "953507_3llama": 0.8275862068965517,
    "953507_2gpt4": 0.8571428571428572,
    "953507_2claude": 0.9565217391304348,
    "953507_2llama": 0.9166666666666666,
    "953507_0gpt4": 1.0,
    "953507_0claude": 1.0,
    "953507_0llama": 1.0,
    "953507_1gpt4": 0.9473684210526316,
    "953507_1claude": 0.75,
    "953507_1llama": 0.8333333333333334
}